id,name,email,password
2,"Alfred Wayne","bestbutler@gmail.com","Coffeeee123*"
"1753731481074","allen","allen@test.com","hi"
"1753732499189","abc","def","ghi"
"1753818658918","john","j@gmail.com","jonny134134"
"1753818675425","ally","als@yahoo.com","alll34232354"
"1753818697033","sarah","sarry@gmail.com","sasa2324"
"1753818731702","jared","jarr@test.com","se1234"
"1753818752134","rere","retre@gmail.com","3425"
"1753818774871","Tara","tatr@test.com","1343535"
"1753818791532","Yona","yona@test.com","hi"
"1753886201408","aleen","allen@gmail.com","Allen1234*"