customerName,Username,Password
Dana,dbuxcy0@twitpic.com,"qL9""FHRV&"
Van,vserotsky1@jiathis.com,vE5`w@nQ{UgOY
Dorthy,dfountaine2@harvard.edu,fS9_}{t$k>GF
Jobie,jcrowth3@blogger.com,lW9(nZviIf!qOc
Frederich,fglencorse4@networkadvertising.org,"cN2=Wc1Y&""*BX"
Gay,goliveras5@netscape.com,bK2|&y>Kvnf0`
Padriac,pwrixon6@free.fr,"rZ1=""}9xXg"
Drusi,dorbine7@jalbum.net,uL5|Q4j2JYZmz'G+
Nealson,nbozworth8@uol.com.br,nZ8)jBkCOdQy
Aubine,agodlip9@cdbaby.com,"lB9'5""J91U""e`8"
Sonya,smorrida@wired.com,mQ4}yK'2
Corbin,cleveretteb@wp.com,"hR1,|SFjeCvf{~l"
Monty,mstandishbrooksc@google.es,xO6>Zp/=Hok(b
Sibley,scardalld@shareasale.com,rG1}P{8+~bCM<_jq
Cyndia,cdarycotte@indiegogo.com,cB2<'pDd2'_
Bailie,bmartindalef@nsw.gov.au,"dO2,BME}Z,j\cW3"
Nil,nkochsg@gov.uk,"qC8/r#w}X}H""$2"
Lettie,lcahalinh@dyndns.org,eP9!Lv#+
Caralie,ckillei@jalbum.net,"vW8@""xC6o\/F"
Wiley,wtargetterj@so-net.ne.jp,mR8*S$Co8a/
Emory,ecasarok@blinklist.com,eG9%x9ZRUOB
Rick,rforsythl@go.com,bX5\A6(0#%
Joachim,jbaigentm@yolasite.com,qC2&YObQMr5w}2bu
Laurette,lstoryn@mlb.com,fQ8}!%j%
Hazel,hdawkeso@state.gov,lU3?sGV5{`kWR#
Godwin,gcosinp@un.org,"jU6&f""e!%)|z=K"
Rosemary,rscottiq@altervista.org,lW0/?Iv\7*=N
Archy,apoweleer@intel.com,"qE3""u's=tnWs1Wh"
Maren,mqueenboroughs@ucsd.edu,kM1|XmRwfA6@`kf
Bran,bkarsht@nbcnews.com,tB9|@8<fqw?o
Saloma,sarnaldyu@prweb.com,oX7.h<qr>
Daisi,dcrumpev@jalbum.net,"eQ2%Q3{Fbv""Uv@O"
Harman,hjehuw@kickstarter.com,pR1!wQ$mf.4
Ignazio,idemeltx@nps.gov,bT3`0rR\$vXj=U&
Van,vwhariny@time.com,"wW5""8niI!l,j"
Michel,mcastz@jiathis.com,hC6.?(Z@)Sm$Q~
Berrie,bruthven10@cpanel.net,sN1?B0Cen
Llywellyn,lkew11@ocn.ne.jp,"dS2.?,0>8MR%)2"
Weider,wgeraudel12@wp.com,kX4/U.X9m1
Brandtr,bors13@imageshack.us,"tX5=bKS+yh(""n?"
Indira,iparke14@tamu.edu,eF5.@I!Oi!l
Renaldo,rsurmeyer15@altervista.org,nL6$+lOSAYr
Sterne,sburrill16@examiner.com,"tP4=X=2`Qs<{,>E"
Winona,wgherardesci17@nsw.gov.au,mV9'}eU$iX8
Maury,mrosini18@google.com.br,lU1\dW++CHEARVTK
Federico,fcarlson19@live.com,eB9$4)mZo$9K2
Lea,llightbourn1a@clickbank.net,lR4@lfOD#PI~e5g
Jorey,jdelamar1b@mlb.com,wF8*Cr`VhkJxz
Vinni,vtonkinson1c@example.com,"lG9,B1NmQ)f<|tC"
Myron,mjobes1d@google.com.au,pD1<'J9T/={o6qK
Lynnell,ltyt1e@ameblo.jp,rA2)||(jm
Raven,rskedge1f@dyndns.org,"hC9""vBCLoAx+*"
Aidan,aroache1g@sogou.com,yV8!EW9L'TyYfM!
Rozalie,rdenys1h@cbc.ca,wO2_8!)'y
Gard,gsmeal1i@yolasite.com,fI5$@_vs\rR8
Gunar,gfrancescone1j@marketwatch.com,tJ1#EOJKD.ky!|
Edan,egreason1k@answers.com,dC9(=#e60.
Delcina,dyanez1l@ycombinator.com,iL5`W@G&+T*bbSI#
Kellie,kdavenhall1m@hexun.com,dC9*YgjB/7a{
Eolanda,eroscam1n@creativecommons.org,eN3/_dhMm|H
Colby,cvonhindenburg1o@boston.com,cN6*cm}*.#FF
Staffard,scordery1p@newsvine.com,yT2_wh&?LDGa2
Davon,dkellough1q@ovh.net,fJ9/94q%Z%qru
Maryann,mlaydon1r@bravesites.com,nV8_|Eb9XPG{0#*
Hermine,hjaan1s@weather.com,jV5?Pboag=#lR#P(
Vera,vkeelin1t@wunderground.com,dV9&zu9{@BxrB
Georgeta,gburkitt1u@example.com,fI3`1nwKJ
Lonnard,lbrunesco1v@webmd.com,dQ7~`+8I
Elbertine,eretter1w@yandex.ru,sK8>(tEB*z
Chester,cghost1x@nasa.gov,zC3/x\$H@3D8XRH
Durant,dnother1y@prlog.org,kD9(oH@+7`'
Valera,vsiaspinski1z@blog.com,aV3?1N+(o4ev
Milt,mkonig20@cloudflare.com,eQ4'D!=IyV
Adriena,alinggood21@cbsnews.com,wH2!BGuya'~CED
Mike,mbreslauer22@umich.edu,xK0`($0rc%v
Berky,bwhile23@google.com.hk,fP7_vMQ.~5
Ennis,emcduffie24@networkadvertising.org,pZ5}Hu!L&HA8
Sherlocke,sparram25@wordpress.com,sN2_mDUh.\VSO
Helge,hnewe26@amazon.com,jW8_eealT@P?
Aili,alambertazzi27@columbia.edu,yV7/\4_g|xg4nMY
Rowney,rfeavyour28@multiply.com,jN4'SL*RXN
Bar,bcorbitt29@ycombinator.com,qO5$CI.i3>So@
Alberik,adolley2a@furl.net,vE7~2$_b5
Jewelle,jfydo2b@hhs.gov,"gX0'1d`o""""&1RLJJ"
Gerome,gsingleton2c@spiegel.de,sS1{eCP{
Gareth,gtucker2d@alibaba.com,uK6|yTnMRGs}{KDW
Tom,thumpage2e@irs.gov,"aG4@hzoQs""+eJ"
Ellery,elawless2f@wp.com,iA0/Up)&<a!cR6
Darcie,dcholomin2g@t-online.de,qT5*HmPM_@Aj4%
Jone,jdunklee2h@cmu.edu,bL3/d#HGT00VEk8
Percival,pcurry2i@marriott.com,fV9}0_G}zP.L
Cariotta,ceveleigh2j@shareasale.com,lM0'293HP(
Ruth,rwoffinden2k@xinhuanet.com,rE8?.+{08z5R
Eldon,ebulfield2l@ameblo.jp,rK2(fLpm(Lt3k
Toinette,tchalke2m@mozilla.org,"sI2_,!GG2tgAJh"
Sauveur,solivas2n@economist.com,"dU0#Y+h5,d\v18"
Darleen,dbaurerich2o@huffingtonpost.com,"dL6>q,GoPX!3/!H"
Gan,gsarah2p@edublogs.org,zP9$sH9I@!pz0|0
Helenka,hmalham2q@earthlink.net,zO8$d<@SP_COo{s
Ella,eproven2r@unesco.org,iO1!YTG8
Trumann,tmcgee2s@phpbb.com,"jA2)tCOGQ+3,k#0"
Rahel,rburridge2t@va.gov,"tJ4{*,*gM&7q"
Augustin,apfaff2u@go.com,eA0(G3Tc}8O
Coralie,cskipsey2v@amazonaws.com,dU5|8t5`G*|pYTn
Brena,bwoolfoot2w@cnn.com,"nT1'n@zz,nv0"
Xaviera,xandrasch2x@webs.com,"nX1,I`wuWRGyG<""5"
Cecile,cnetting2y@slashdot.org,"jX6*vA%,4%PH?>QD"
Toby,tmoseby2z@wordpress.com,yV9@=nTocR6oF)&
Benji,bpitrasso30@quantcast.com,lL6(MM}|AT$98
Debera,drichardon31@forbes.com,nU6%D*9s%VVG$
Belia,bjansey32@hibu.com,sW0@h}!#L
Tyler,tyelden33@miitbeian.gov.cn,fI3#E<dJZn9e)
Dolley,djurczak34@columbia.edu,iV3@V0z8p6
Rodge,rbehrendsen35@cbsnews.com,xP8>P=&OJ
Charisse,ckeeltagh36@bigcartel.com,nR5.0!Qp3eG%T'
Roderich,rmolen37@un.org,"bA9{,LulELa!"
Celestina,ckernock38@hibu.com,vR1%4H*TMT@l
Marthe,mroadknight39@istockphoto.com,fL1/oyyVzt!?4
Fayina,fduncanson3a@craigslist.org,nO5`dp'XXo
Bab,bcornborough3b@ucoz.ru,qZ8$!XfQ6w
Israel,ibreheny3c@addthis.com,"rV1~iDg1}z|X8F"""
Katherine,krayson3d@soup.io,uB3%iQW4
Emerson,estinchcombe3e@google.com.hk,gB7((1F(<P}a~N
Dasie,dfoxten3f@rediff.com,"oM7<zyf7a_""N72"
Patrizio,pdominey3g@slideshare.net,xN2`{Ab1
Shantee,sbenns3h@angelfire.com,zV6\q{+*'S'
Carmelle,ccallcott3i@ovh.net,yM6+Y_yM<#>
Matthus,mologhlen3j@gizmodo.com,qC7\aAGd
Barris,bshillabeare3k@scientificamerican.com,oN2)cyBTovF%d
Reina,rkearn3l@parallels.com,"fC0>""g=(G"
Tiffy,theine3m@oakley.com,cF0|R<Zmx3~
Teddy,tcaddies3n@rediff.com,gH6\z}PKE/G(
Nancey,nshipway3o@live.com,dP0{gPQ\Wl|==
Thain,tzukerman3p@washingtonpost.com,wW3'@Zd5E7q
Spencer,spagnin3q@google.es,lJ4*eqyl
Gay,gtierney3r@census.gov,gX2>3p>CGS9N#>
Clea,cluxen3s@ucla.edu,kK2~(baSbw)VeTJj
Boonie,bbendson3t@stanford.edu,yK5`|*T~OKnx
Troy,thubbold3u@kickstarter.com,cL9}Tbe2}qS3(h{
Aurelia,abeslier3v@squarespace.com,"cG3?bk6"""""
Isidore,icastard3w@mediafire.com,uF4$yTLb.Su7?
Sonja,sglison3x@paypal.com,fR3|s?\@u
Daisey,dmackomb3y@opensource.org,oU8{i1lZz7vw8#
Mohandas,mmoles3z@domainmarket.com,qR3$N!h{5e!
Eugenio,eegiloff40@aboutads.info,aQ6.%En~s7
Annabela,abadini41@shinystat.com,"uV2?""P7*XBJm2}>"
Kathrine,kcapner42@plala.or.jp,fT0<!nN~eMlw1{
Lauralee,lneagle43@parallels.com,lP2(4(CLQ<
Rod,rizakson44@360.cn,lF2#.G6Rxh@?L
Calhoun,cgulleford45@hexun.com,"sN0,q5Gjadw"
Germain,gvorley46@dailymotion.com,oW2~g(HojlV'2
Bobbye,bragg47@amazonaws.com,kC6\X.O!2hZgN3Zn
Yanaton,ysillick48@hp.com,"hS2+1lfq,"
Holli,hdumphreys49@wufoo.com,vM1`KS8)>?Qk$Y
Juliet,jshitliff4a@sciencedaily.com,"fW6|fi0U)va""trq$"
Ali,amapes4b@nsw.gov.au,mU3!hr@oD=f
Kerri,kchadband4c@hibu.com,xQ2#@LQF%ju\{
Mariana,mmcard4d@yellowpages.com,"qV6""GYg1}?_&"
Harris,hcunde4e@addthis.com,rH4|Hwj+
Reinaldo,rtorfin4f@wp.com,zP6=1{pQmo1
Angelico,amalinson4g@intel.com,pY8|`i2v
Tito,tmccrae4h@usnews.com,jX7\)_rRV.uz'J9
Nicky,nbendle4i@t.co,hS7#<ha=/U
Jarret,jhumerstone4j@wordpress.com,lE8$OkKdl
Timothea,tbulman4k@reference.com,rA9}q+\bfKa
Chrisse,charcus4l@stumbleupon.com,"gD7""1ec=<UwY4k="
Ernst,eleckey4m@tumblr.com,bC4(tCX$tU+
Gun,glevitt4n@livejournal.com,jI3*+'&h#onW1
Fields,fbuzin4o@apple.com,gU2`%jt_wZnE!g0
Caritta,clynde4p@mysql.com,fE7%{8fvz|6Y@
Dietrich,dstormes4q@dailymail.co.uk,"dR6},\6""9@AL>J8<"
Sonni,sswannie4r@businessinsider.com,kO2%4U|$(!JHI@qC
Greta,gdevey4s@deviantart.com,"nH7*hs,~o@Xy5"
Maddie,mpurkins4t@rambler.ru,lS2(f7Wqc
Perkin,pstuddert4u@netvibes.com,aI1?ZX_q$}J
Bing,bdenacamp4v@usnews.com,"jS8~""g>R~6vM,EdM"
Timmy,tclimo4w@etsy.com,lT8*jw@ZRs
Ursola,uspringham4x@biglobe.ne.jp,qW6.<a}&7w+PNr
Mariquilla,mperse4y@symantec.com,xT0.`BL1w`S|y
Shani,ssample4z@pcworld.com,hE7@8mLy\kh6
Whitby,wdennington50@youtu.be,fW2.sRClh~o
Tripp,than51@baidu.com,gW7&ZfEOb)5E
Fina,fwevell52@1und1.de,"gV9""gV""O5(""/,it7"
Stacee,sosborne53@slate.com,tF5=7J.w9d3Y
Fulton,framelet54@blogger.com,"tT8+lT,*d~,OlHU"
Sammy,sdelacourt55@nymag.com,aS0/{0Ao$#X
Juan,jdodimead56@umich.edu,"sW8=d"")_,NImQ"
Audy,awidmoor57@over-blog.com,zR3}Bkk)$4Ix}
Arri,aslaight58@mlb.com,"lG8|oA?P#JhsW,"
Rosa,ryurygyn59@tinyurl.com,oH5.yrCvm
Melania,mstaining5a@mayoclinic.com,gO0@DMX|3ZoQKk
Cloe,caronov5b@delicious.com,"cI6%x)FV+%`&,B$8"
Massimo,mray5c@prnewswire.com,"hI1_vd+y6,n"
Tonie,tbuntine5d@washington.edu,uO1'Hh=2z~qB&y>O
Lance,lscambler5e@phoca.cz,"yX6+!y!m2CxvA""9A"
Malia,mbelleny5f@uiuc.edu,mP6!)#}\HB
Franchot,fblagbrough5g@uol.com.br,uV8&x16DdPQ/vK8N
Laird,lmulderrig5h@theglobeandmail.com,gK8)7u5E
Lucius,loshee5i@miitbeian.gov.cn,sH8/tXS6p8C
Winn,wmooney5j@infoseek.co.jp,"aL5""mzww"
Lennie,lmacgauhy5k@gmpg.org,nA2.Frjs<)
Harriot,hbalnaves5l@upenn.edu,dT0!w}ShH`@J7(4u
Farley,fboyall5m@constantcontact.com,fC6#M0rG2Y?ea>N3
Annadiane,aarnold5n@facebook.com,oK4%WO|7yH_$~T
Antonius,agodlonton5o@unc.edu,eY7(Qdt'9
Ros,rtichelaar5p@friendfeed.com,vO6*XWf'o
Niels,nhabbon5q@istockphoto.com,gQ0.eLU_sigNXX
Rik,rromanet5r@hc360.com,aG8!~y{V4J
Con,cclausen5s@addtoany.com,pO4&I\&$7M+
Jennee,jlarraway5t@prlog.org,iU3*tb!S
Evangelina,eromera5u@hc360.com,wS5{VsBU
Milly,mwakerley5v@pen.io,iK0#2P=.ZFWi
Jillana,jsanbrooke5w@chicagotribune.com,aR7!9gGU
Katheryn,kkenson5x@mapy.cz,hS7%hlJZ}0I`Sj0
Ranice,rclerk5y@hatena.ne.jp,nZ8=)>+Ae3UOE
Duff,dcruz5z@time.com,qH1(0EveYxU2F
Blondelle,beastmond60@gnu.org,rA3>#~wr#PoZTk
Randie,rscotford61@google.com,fU9|St~iwQF6f
Phillipe,pcatenot62@wsj.com,aG1|a|a$G/0Vh
Noam,nwapples63@howstuffworks.com,dA6|idR@}Ez~uYK
Bevon,bmiddleweek64@businesswire.com,"wJ9\v/S,!JS"""
Lyndell,lhirthe65@discovery.com,wW3<d+xA
Mary,mmoffett66@nydailynews.com,qY0{3vhgM
Even,ewolfart67@ovh.net,eY3!eS)Y~9/=
Anthony,acrumpe68@google.com.hk,qG0?ls(3
Dixie,dbrookesbie69@paginegialle.it,"oR3,/,8U"
Alva,acaile6a@booking.com,hY9~#)Nt.
Jerrome,jbrimble6b@hhs.gov,"lI6.jYFrAN""qxgsx"
Peterus,pcamell6c@cnet.com,yL9/pp2Vk
Fred,fjamrowicz6d@vimeo.com,rQ9.p~riJ_B9
Remington,rsoutherden6e@webmd.com,oB9|RI>h8t8
Merralee,mcorner6f@google.co.uk,"iL0{5E`""a&A"
Susannah,stutin6g@ustream.tv,zV1&40{+{!Y>
Ainslie,abirkmyre6h@xing.com,gX8*RZ'm%0)3y
Edmund,eleadbitter6i@fema.gov,yM3)y>CnZ
Eb,ejankiewicz6j@economist.com,zR0'L9na|Cleu!IJ
Lianne,lduignan6k@admin.ch,nY5@oXfxb_HF
Hester,hsinden6l@is.gd,bC5{@Is@
Josefina,jgoodrick6m@123-reg.co.uk,"fV6@'*_""vdpKQ_=h"
Willyt,wlinturn6n@cloudflare.com,wT0>\32PU?
Hestia,hkuzma6o@time.com,nQ9|z($cb(JV
My,mwillimont6p@google.ru,iB0|KykJ4lFM3D{.
Lucretia,lpearmain6q@gov.uk,nP0<v#Tx5
Arlin,alumley6r@feedburner.com,rZ1$)9`yL47@1
Joellen,jnotman6s@blogger.com,bW2@@Lpc
Gabi,gmacgiany6t@addtoany.com,pL2#Inx3&c3
Vickie,vstrudwick6u@opensource.org,rF3)&2OA
Vickie,vgay6v@sogou.com,oI5>h?An@B4$
Mile,mporte6w@va.gov,"dP2~1AO/C_e,6q>"
Holly,hwhimpenny6x@cisco.com,jJ4`Q56u
Trude,tmundy6y@seattletimes.com,qX4.J'jd$.TFMZ4
Shay,sbittlestone6z@reddit.com,"yL7""A<'#"
Kevyn,kbirrel70@kickstarter.com,aV6{(fi'
Veronika,vmcaline71@wordpress.com,lD7+L+pM
Tam,trait72@nbcnews.com,bO0!Lr*GE+Ye?zP
Ivette,imelody73@zimbio.com,iI7*0gay%)*
Valentin,vnuss74@ucsd.edu,dN6@<$&F${
Richmond,rcosins75@joomla.org,bG0/btHe6LDes
Rene,rmorde76@tmall.com,iI1\nW_~()IavR
Bernard,bcottesford77@globo.com,qP8.XR%e<ru'
Danny,dchooter78@redcross.org,"tH3'w$F6d""9"
Lion,lgrinov79@unicef.org,wG7.{8WTQ18uyh
Alfie,azanotti7a@plala.or.jp,rC3\yRK.$OEP2_l
Paula,pvanweedenburg7b@nhs.uk,"jW1,Wz`?0x1%'n"
Gizela,gcaldwall7c@dailymotion.com,"iB3,rutj"
Noach,nrenfield7d@baidu.com,"aG5,,G92G&""$"
Lotty,lbrislawn7e@sourceforge.net,fQ0{u_hU%Bqq(
Trescha,trickis7f@disqus.com,lD9)y.0Z
Delmor,dgrinham7g@cdc.gov,pO5_+BhF=|2
Hermie,hmcelree7h@omniture.com,oN4/M'yu0s%je
Bevin,bgianetti7i@google.com.br,"qP5""k+@T0hy@4S"
Richardo,rblaxill7j@nba.com,dR4?P\RkWHs!Ac
Dorette,dsheldrick7k@addthis.com,fN1$'qIFAP
Kass,kcrosse7l@google.fr,sO0\wfea1'
Mickie,mscotchmur7m@state.tx.us,cI5||pc+ko
Jeralee,jyeo7n@bbb.org,nP5~3yp*fJ2
Malina,mbeveredge7o@hao123.com,"uD0,7k8X29"
Jammie,jbradtke7p@thetimes.co.uk,"sS7+`<BYI5Uz""O"
Washington,wwallach7q@blog.com,yC1+kn'J?R{X82
Gael,gmerritt7r@cdc.gov,tT8(pQ%cq|E
Bird,bkibbe7s@feedburner.com,fD9=_(YkZycQ#5
Kahlil,kbuff7t@123-reg.co.uk,"bA2,_Uvnd{"
Aubry,agreystock7u@flavors.me,rY8_QKY{ZN
Amii,ajanouch7v@goo.ne.jp,gD5$Q?'meU_iSI
Sandy,sbydaway7w@people.com.cn,"dX1,4,""IxWx"
Benedetto,bsynke7x@newsvine.com,sJ6'bD=uXyWd
Diahann,dmorin7y@t-online.de,sF2'AYp%j(_
Dugald,dantoniottii7z@macromedia.com,qJ5)_'')f
Carling,cconlaund80@istockphoto.com,bS2@z@85(ND|
Clayborne,cconford81@arstechnica.com,lW6>'r\R
Kassi,kbruyntjes82@webmd.com,mW1)}J$c7g<I6nv
Karalynn,kmocker83@elegantthemes.com,"kW5#z#,eXj+/x~"
Beniamino,boultram84@miitbeian.gov.cn,"qU8?lHI""q'w"
Eustace,elejeune85@etsy.com,lV5#Y$l4`d#Z%
Allin,amongan86@opera.com,"iP9,&kOvK8w>H)"
Hobard,hechalier87@surveymonkey.com,rE1>E7~m
Rasla,rpattie88@japanpost.jp,eE5'o(i4eS}
Milicent,mbrettel89@unesco.org,tS4+2sx.dE
Ermin,eloxdale8a@feedburner.com,"uW6,D!L#"
Maire,mscrewton8b@dedecms.com,hH7_<RQMk`m
Waiter,wbaldocci8c@europa.eu,rU6(_p)Mp
Hulda,hpennetti8d@auda.org.au,iK0?9Lxw0V_rEg
Alberto,aginger8e@unc.edu,"zA4""s#+kGOnJ4{C"
Stanwood,skalkofer8f@google.co.jp,kV4|sYtVAl
Genna,gjahnisch8g@hibu.com,rT2.&d+?I\b
Israel,ikemell8h@technorati.com,xN4{TuC$
Rubie,rsibun8i@admin.ch,rZ9'Ri6Ns
Paxton,pepsly8j@google.es,zS7@4zdG$kB_1JJ
Germaine,gmargetts8k@zimbio.com,iF0~t0q%)i6
Harri,hgarstang8l@shinystat.com,yW8%kNWQ~BO
Susanetta,sthaller8m@nymag.com,wG3{=&c(qc+4Z7
Raimund,rmaides8n@oaic.gov.au,"iY1$D74""m="
Tresa,tdollard8o@deviantart.com,hN1*Xp`%hF*/9bFM
Ron,rloges8p@yelp.com,kN6!_o/@TZ4FKPT
Dorise,dpetroselli8q@instagram.com,xE1)POMllqx|?
Sherry,sgadie8r@webnode.com,rC1_=>0D<{%}w@
Elvyn,ereavey8s@buzzfeed.com,jT2@(Z~fpTb#
Fey,fbaudrey8t@smh.com.au,cR2=*nbQVZc
Claiborne,cfroom8u@tmall.com,dH4%h+k5x?I
Sawyer,sdegiorgis8v@amazon.co.uk,aT0!Em>x<lC5N*
Concordia,clodwick8w@blogtalkradio.com,iM9!p7qcIV2M.$ty
Frasier,fpersicke8x@about.me,lW5$77r+
Kingston,ktomasi8y@nytimes.com,rK9&3q1B=
Marlee,mostick8z@hhs.gov,jW2!?6*4gPh5G5)
Betta,bcuffe90@behance.net,sW3~WuI=
Shirleen,souldred91@google.co.uk,"wW2""6={f$a"
Jenica,jcuningham92@answers.com,wZ9.{vgYdY0
Ralph,rstarmore93@myspace.com,"uV8'2'@#"">I""6"
Scotty,sbutfield94@tinyurl.com,"sP0{4oKB,j"
Cherise,clorenc95@geocities.com,yY1.=>_v0e8@??7$
Deeanne,dpaulson96@artisteer.com,xR8)G`DjF(|KJ\+
Mariana,mborman97@chron.com,jN0(|0W6@qH{nkIi
Kettie,kredfearn98@spotify.com,aE8'gw9ST5=U?
Annemarie,acosens99@diigo.com,yB7&*j&<
Hall,hfolli9a@indiatimes.com,bP9_}'iE|$j.e_
Guy,gcluney9b@redcross.org,kB9$y>*3|4dA0yd3
Lazaro,lmilesap9c@technorati.com,lL6$ln1q*Sy443D
Clyde,ccaygill9d@census.gov,mK3.OZm#H4bk8J
Cleve,cfortie9e@uiuc.edu,"sZ2,>Et1dOvulqI"
Irvine,ikettlestringe9f@apache.org,sG2.DtNif
Woodie,wselborne9g@163.com,tB1)e/+R)Cv
Madelon,mrhubottom9h@bloglovin.com,aJ5(`UYJ
Pryce,pcapini9i@ehow.com,"yI6~,fs8&f8"
Zarah,zkinglesyd9j@facebook.com,wR7=hc=}
Lou,lmerrett9k@github.com,cM0<{OG<B8
Gorden,gpettersen9l@time.com,"pH3,yWf*r%BeBL"
Nilson,nkobsch9m@ted.com,"rD1}vu.Huc4~,@<"
Danny,dcoley9n@squidoo.com,sF0}r?#.yyS
Allard,acorbridge9o@technorati.com,"cC4/o(""lw7"
Elfie,eerratt9p@virginia.edu,pT9*2A3T
Adelbert,adrees9q@flickr.com,kA3|{XrnoF&FH
Otha,osummerside9r@angelfire.com,gD4}bbLRl4`ak
Diandra,dstiffell9s@aboutads.info,"lQ7""cVvnV?+"
Minnie,mlacey9t@goo.gl,iL6)26LHf@e
Karrie,kboynton9u@prweb.com,"dP9,_wrM.Laz"
Trista,tdeason9v@blinklist.com,mK9_qVx%@A'@lK|
Anthe,afeaveer9w@discuz.net,jC1&qnA5%@e<'=
Field,fobradane9x@sitemeter.com,kF9.@g1>
Lazaro,lnovelli9y@networksolutions.com,"vK8_yqq~""#""Aq"
Nikita,nkabsch9z@dedecms.com,xT0<PphHFu
Justinn,jsamartha0@sciencedaily.com,aB6|@x4|@
Valery,vandovera1@wiley.com,mB4$|WQwJ@oJi
Elisabetta,etembletta2@etsy.com,"pN0!jnb`,E`UdQO"
Myrle,mfacchinia3@gnu.org,"vO9&M*W(""mHBi2gz"
Chaddy,czolda4@123-reg.co.uk,rV2*ZG5ayTG\
Laverna,llibbya5@blogspot.com,kN6=*MVxx
Ursulina,uhadwena6@indiegogo.com,rZ8?B)t1X
Darsie,dyitzovitza7@theatlantic.com,jO9'#jO.\G&Aw
Oralla,opearcya8@over-blog.com,"eW2<v,@eG"
Lacie,lgisckena9@example.com,"dV1,LMZi5I/6JV1"""
Christalle,ctrippackaa@infoseek.co.jp,"qS5""BxHf1<+_f5P"
Jori,jmccluinab@google.co.jp,sM3%'dWk
Jehanna,jfullac@hc360.com,rI6.ecaNgez
Wallace,wsennettad@indiatimes.com,yF4)\\0T?wwtM
Mylo,mjoratae@unesco.org,qS8?c`K|
Charlton,cdawberyaf@livejournal.com,hX0}i<Z#zALfmfI\
Valentijn,vhelbeckag@shop-pro.jp,iO1{dCi65Ux*5_ei
Devland,dgerardiah@liveinternet.ru,"iU7>yw'uHH,N+{h_"
Abbie,agrigoireai@technorati.com,"bN7""%A|N+"
Felisha,fmewesaj@hc360.com,"nJ0""A<jglJ?"
Henderson,hgloyensak@state.tx.us,yK3`xcev/sVwN!r
Sheeree,smarchial@cpanel.net,wO0?@8Vm4KK7
Bibi,bheminsleyam@hatena.ne.jp,qQ9!l43|j2gRRQj&
Austin,akillenan@hexun.com,yR8.BjpF(0eh#sM
Abba,ayallopao@blinklist.com,iZ5}|$zzHnt
Diarmid,dtaffieap@youtube.com,zB9\SU_NNKgfNoY9
Sula,sramiroaq@topsy.com,nF7>x76Dco
Henrietta,hlealar@storify.com,"vQ7,Q@Xr79f|l"
Mureil,mmacklinas@dot.gov,nG1%#YVjP$o~<
Theodosia,tlebretonat@posterous.com,vN6.oQh3u
Kelsi,kashingdenau@foxnews.com,"bR3""7WwgaD*u5$"
Emelina,emacmasterav@etsy.com,nO1!8bv@V
Cris,capfelaw@utexas.edu,"wB6.4SmKTB,/}"
Normy,neaganax@prnewswire.com,eP3!XR}6KD
Andrew,adarleyay@amazon.co.uk,xL0@/NcirQE.
Tiphanie,thugoninaz@oaic.gov.au,tW7|UdfKndAj
Jess,jgroteb0@mtv.com,lL4&qJL(
Tildi,ttonnerb1@chron.com,hZ3\EESjASO(
Anatol,arufflesb2@wix.com,qG8=Sp8VX<@S
Babb,bcoultousb3@ebay.co.uk,vH0@>z6`4ApivY~
Phillipe,pmonteathb4@ezinearticles.com,wQ5`*jg'
Greer,garmitb5@marketwatch.com,vN9/9!d.M.{.!Cfm
Charlie,corpinb6@mashable.com,lN4{KI3*
Hobart,hsiddellb7@usatoday.com,wQ1.M/Q_|11>G
Lida,lpavieb8@51.la,zP3!kivp1bVRj
Seana,sdustb9@apple.com,zR7.eQWCyw'L7
Dante,dvasiljevicba@omniture.com,gC4}!Xa~Q
Olenka,osquirebb@uol.com.br,"jE6,plDj@hb"
Donny,dwabererbc@imageshack.us,mA1=N0zn5
Elias,eboggisbd@loc.gov,kW6~{DvwU~R
Leonora,lcoweuppebe@jugem.jp,yC2/+'+Zug\P7x
Teresa,tdewittbf@tinypic.com,"gB8{""=""a,"
Tasha,tsymcoxebg@cnn.com,qX5}yicv
Kris,kpagettbh@scribd.com,"yY0,0=?TE?w"
Nicoli,ndevaneybi@wiley.com,dJ0@m<aLbw>
Jerrome,jshirilbj@reverbnation.com,xV1#T9S9
Ingeborg,ibillyardbk@netscape.com,"jV2%<oM'GDM%.,Y"
Richmound,rbelwardbl@homestead.com,aQ3?%!rAg+jg
Saloma,stillertonbm@dion.ne.jp,"jK9>(dyD""Iz"
Raimund,rgingedalebn@over-blog.com,uB7\+|`<x
Giralda,ggreenebo@nhs.uk,bE8?`<.kjp
Marv,mcarneckbp@posterous.com,tZ6#t4{WP
Harriot,hpilpovicbq@dot.gov,zF3.J\z\zhTKs
Analise,aescalebr@huffingtonpost.com,xD4.@N*gio8D7Klp
Malva,mpicklesbs@foxnews.com,"nC7)0e@j3q{""9p"
Wash,wdarlingtonbt@census.gov,mY9|k&v(j*ijbx)\
Almeria,adishmanbu@theglobeandmail.com,rC8!<~\0PX>y{
Constantia,cgraberbv@epa.gov,"hO1@(!FKz|!""a"
Marcelo,mcorbetbw@cnn.com,zI9<)lsI@X
Brocky,btarbinbx@smugmug.com,tH3&5zw=
Barry,bpickerillby@sina.com.cn,gG8)\<wR}pt_IckC
Bobina,bdodellbz@amazonaws.com,uR7=}3j/Q}
Arney,apicardc0@about.me,mS9(J{%F
Alfons,abollonc1@intel.com,"oR9$t,Q}G"
Courtnay,cfulfordc2@answers.com,aU8>g9Wrm{G1q>&
Bendicty,bscrinagec3@fastcompany.com,vQ0<NSFn9~xK8H
Giffard,galejandrec4@lulu.com,kO6'7`t/fz?(=o?B
Anestassia,ahatjec5@163.com,fY8#B|m512$#2&
Ruperta,rtomsenc6@discuz.net,aR6*VfD@'ET*oo
Isak,icribbottc7@github.io,"bI7$>\s8j8%Q,"
Shaw,sronaldc8@umich.edu,vK1)lZwH%gx9Vv.
Derry,dshielc9@slashdot.org,fG2_U}$kXi10
Kristo,kspellissyca@google.com.au,cI6_C>Ae7Sm4
Marcia,mdomnickcb@illinois.edu,zY0/*hS0uJL
Renelle,rpridhamcc@live.com,uO3=T99/Q(UT@py
Thorin,tleavesleycd@fc2.com,nE2%|F(HHIqr}
Evey,eclementelce@cnn.com,"bJ8""AR""9"
Solomon,ssparkscf@123-reg.co.uk,xH3!XCn5_y
Prentiss,plecointecg@disqus.com,bR7\zkCDR>
Dulsea,dwealch@ucla.edu,wF0<N0IE+s$tWD\
Bethany,blocktonci@prweb.com,oA8?/o{EC)fH.De
Witty,wkiellorcj@stanford.edu,eF6@879o
Celestina,ctattersallck@phpbb.com,"qD1*qFQ""WMyq"
Chrysler,csmalmancl@g.co,"nW1""&H4+#"
Cherish,cbatescm@buzzfeed.com,"jB8+""qjKO#J"
Hamlen,hstetsoncn@google.ru,dO4?62edoxKb
Koo,khoylesco@mozilla.org,yI7<G/MvW4O6S
Lind,lpainecp@hibu.com,gD4'zfgs
Gaynor,ggothrupcq@whitehouse.gov,iM8+Jc<i\YZqC
Gerrilee,giliffecr@unblog.fr,mH9.ic/=>%LzC
Robinson,rbydawaycs@independent.co.uk,qC0{UHN_Y@j
Gabbi,gpetrescuct@clickbank.net,pJ1#T+&W1aOH
Shandra,sleymancu@dagondesign.com,iS4<1{4Cc0lT??
Werner,wtootingcv@hud.gov,bA1@Fz_(z)o
Arabel,acunnahcw@telegraph.co.uk,vL0*K*q}F)u3TMIU
Terrel,tchimescx@mozilla.com,"oH2@w#Wn,"
Jeanelle,jslimmcy@skype.com,qN2&UpuY8}lAi
Willem,wlinsteadcz@com.com,"aO7*b?<,mn"
Dona,dweildd0@newsvine.com,gL2~N<0S
Mallory,mlivingstoned1@microsoft.com,"oO9*pN'Kygx,0"
Joel,jbrydend2@qq.com,"tF4""`or&"
Maribeth,msyried3@elegantthemes.com,gK4#xAk)\9Zk
Cissiee,ccragheadd4@liveinternet.ru,zJ4%Aae=Z1.nM
Eadmund,emckimmied5@army.mil,oL6<V#.+
Samaria,sfuchsd6@abc.net.au,mO4$IQhfu
Rance,rdwined7@bbb.org,oZ2{KabgRgBV
Collin,chuelind8@yolasite.com,lT2#Dlza7
Sebastiano,scallcottd9@gravatar.com,pD8)>!ia2G
Leone,laslumda@skyrock.com,bL2!A5eQ
Shela,sshakesbydb@discovery.com,iQ3{6&HM7(IWB<i
Neil,nlaverickdc@un.org,bE5%L!6A\B
Murdock,mpochetdd@oracle.com,"tS1""THFvBMK."
Patty,pbrammallde@timesonline.co.uk,"rC3?(u!nK*om,rRW"
Richmond,rcroleydf@slashdot.org,rF4~*CiDkw()Trj
Laverna,lodadg@tinypic.com,"jE9'472,aR3NdZ."
Ricardo,rbayliedh@bing.com,iG6|fJVGyFfp`)
Kendra,kmclaughlindi@bing.com,mK7=`ji(JStKWGDZ
Nikkie,nstanlakedj@tumblr.com,hM6`cETsfU{<
Bertina,bdeblasiodk@uol.com.br,"mV9,4+3?"
Cairistiona,ciwanickidl@photobucket.com,cZ9!g%x}T1|Ya9
Ralina,rsinniedm@webs.com,zP4_1r7P>0y@Gz
Ashlen,agillorandn@freewebs.com,cL2>AWU1bO
Darn,dlanpheredo@bloglines.com,wB0/_l$!Ml
Giraud,gpoltundp@cam.ac.uk,"qB1,VwcrZGE{"
Maggy,mcoyshdq@adobe.com,"dC2(XTWNh6q|a""W"
Sheffie,splaistowedr@reverbnation.com,jP6>`eDpby#I
Rene,rpurkissds@tripod.com,wC9<bnsL<A<uUAe
Frank,fcleminshawdt@google.com.au,bK2)1SdXim
Heida,hnorthalldu@sciencedaily.com,"oZ9""4M'Gs@nr1r=W"
Corly,cbeisleydv@nasa.gov,sB7*nn!xq
Tonye,tsaywooddw@sphinn.com,dB3#G*<ekwVu
Meryl,mmccrystaldx@instagram.com,"yW4,}%LXPb/UN~"
Esther,ekeenlysidedy@squidoo.com,cN3/F|U4Ld
Scott,sdavidovitzdz@earthlink.net,yF3*m.mz7ZMRmR!G
Georgeanna,gwingere0@canalblog.com,rH7}M}qYY{w}il
Rik,rturneye1@ocn.ne.jp,oS2_9zg0
Conny,clumbleye2@amazon.co.uk,hZ0&V_`(
Pip,pzannutoe3@icio.us,gO6_\OCo'nE*n<.E
Corrinne,cskynnere4@msu.edu,oU3?B/ZeckzP5
Claudelle,ccaveaue5@theatlantic.com,iD7>Sm%`{7C7
Jo ann,jrissoe6@foxnews.com,sH5<tFbu
Shalom,smatzle7@home.pl,vU1.z3X08%DHo%(>
Bernhard,bspearmane8@vk.com,pL7|F(Q!wh
Pippa,psmye9@nytimes.com,oM9~\G_bo3y/
Salvidor,swottonea@intel.com,lB1?ek0/xXK&I%
Ariel,agarceseb@earthlink.net,hB9}9fy8=bdGB8@
Beitris,bglanvillec@java.com,lM7_%<Zx.9
Llewellyn,lbarendtsened@typepad.com,aC6+l5J38nM)5)H
Diann,dhavillee@mozilla.org,rN2/94<X7GGE
Melessa,mgurryef@accuweather.com,gQ4.f?>8py9hQrjP
Butch,bgorbelleg@1688.com,pJ2?YgRKI(M@f+V
Glynn,gbreckoneh@oaic.gov.au,mX2`\7B{joM
Nicky,nguinnessei@shareasale.com,jQ8'c<@sgC
Cozmo,cmenchentonej@lulu.com,"nS8""N_M1{Ane"
Shea,syerburyek@a8.net,qC3='wEGF
Melantha,mdudingel@paypal.com,eY5~(n/y
Latashia,lwillshawem@adobe.com,lE2(rrFQO&tzx
Dagny,dcarlillen@noaa.gov,"dC7@/+""0Ll&`!z_"
Christopher,cfidlereo@nsw.gov.au,"eP2<~<GHx,b_4"
Law,lcurrieep@hexun.com,vZ5_td>O=
Nancy,nbeardmoreeq@gov.uk,"vA8""XeHLsB5&2"
Nissa,nperrotteter@hc360.com,pY2&Y'JVUkD9Pw
Gilbertina,gmusterdes@wufoo.com,"iL8+Is""Y{f*%pSXz"
Dalenna,dmeeronet@nymag.com,rG3_rf2\
Ced,csingseu@typepad.com,zN8`Ars2U\rcV
Danya,dshilburneev@chronoengine.com,cT9(ARWZK{I
Rosalyn,rdelveew@eepurl.com,uY8!kE>O8iz`?I
Benn,bswinglehurstex@goodreads.com,zU7)I01JD$GjMO
Dorie,dulyatey@miitbeian.gov.cn,"dI2!A_ISX(T,,lH"
Tony,tjadosez@hao123.com,yD6{ZSt1o$NA
Tammy,tweatherbyf0@wikia.com,wQ2?(P?2nUN
Erskine,egreenstedf1@mashable.com,"wZ4""Www}{"
Roselin,rislipf2@chron.com,eG6.Hoku`BdMI0D>
Elsworth,eccominif3@networksolutions.com,bB8_gjT|/mkr.`
Aurie,anorthleyf4@tumblr.com,"bO9@?.Cm2,ZXJ"
Magnum,maucuttf5@bandcamp.com,zU6?bvbhx!2
Etty,ebutlerbowdonf6@e-recht24.de,tF1*p0ZS!c7rL|
Akim,amcowisf7@vk.com,kG8=Q+{$e5`
Conn,cfouracresf8@techcrunch.com,xW6|t$ks1C_OuL
Verena,vwiddowsonf9@deliciousdays.com,"dY3>qQ""VUhaU"
Gearard,gmagauranfa@mapquest.com,hB8@<_njaV
Averell,agingellfb@scribd.com,tN4|zAJC{*YjgwW
Marcie,mwyrallfc@wsj.com,"qN7$+SjZq"""
Kev,kgoodbarrfd@google.co.uk,tB7||yF6%<Vb0
Trula,tletrangefe@cnn.com,zB1&V*uJiWqd
Petronille,pgaythorpeff@accuweather.com,tB9&*1IZ/Q
Zorana,zlinbohmfg@indiegogo.com,"qO8/VR7U,""*tZr"
Bonnie,bclausenfh@scribd.com,"lW1,06{wATp0qWY"
Lolly,ljarmynfi@istockphoto.com,iR4!A%\F_
Kissee,kdignonfj@technorati.com,qD9~0J$B*+$/7$x.
Debra,dmcenteefk@phoca.cz,cU1&m(/'
Emogene,eswaingerfl@cbslocal.com,rK3?)M!S)6R2o%q
Laughton,ldorsayfm@tumblr.com,nJ8`QQ_FDR2
Callida,cjaycockfn@bigcartel.com,tX2?~z>vCG
Marshal,mbrimnerfo@infoseek.co.jp,"lN9<uw<""eB#jx9"
Kearney,kpitfieldfp@bloomberg.com,oI4#p\.4D#n7dYg
Mildrid,mcowinsfq@elegantthemes.com,cE8&73Vj
Dotti,doffafr@about.me,jM6')S{L\w>`K
Florida,fcleevelyfs@timesonline.co.uk,oR4+eq=9`W
Serena,scanellasft@youku.com,nC6|_j_P~O
Julian,jrossfu@marriott.com,gU0*Atj{KlUDM
Gary,gvynallfv@amazonaws.com,"uV8%xV9B,"
Garrick,gleapfw@hibu.com,wD7)NIp9W{uL$RI
Moise,mkobesfx@typepad.com,mK4$bl2)<L1|j2Zu
Alvin,amcmichaelfy@multiply.com,"oK2.21>C""8RrE_d_"
Philipa,plabbfz@bandcamp.com,bJ3.aYiw&0o
Bald,bnagleg0@creativecommons.org,hC8+rnr_V5_HE=9
Helge,hbarajazg1@flavors.me,zN3<~QULK
Rosanne,rmoynihang2@vkontakte.ru,yZ0)`!Bh.rMj
Rem,rhawyesg3@issuu.com,sW3(4ILCj`o=Z{
Eba,eblundellg4@globo.com,rI0<%XV(~<r$R%=
Godard,gsquiresg5@google.fr,uV0_c_RWUOr(9O<S
Larisa,lfineg6@utexas.edu,wX5$=Fez#~R+s.K
Petr,phaglingtong7@dot.gov,sA1$+A'PwQ8
Michele,mpoluzzig8@51.la,rK5\Q+HrTs/E&YBR
Jordon,jpemberyg9@fema.gov,tU5*O0auL\
Bonnie,bmcmanamenga@wikimedia.org,iW6)ea}.
Delphinia,dapplebygb@unicef.org,hK2#0sf*2kei8|f
Harmonie,hmcmainsgc@cbc.ca,"xC5!""i0HhtZ{DUu"
Zenia,zaudissgd@icio.us,"xE0,TK&Cj"
Eudora,efinlaisonge@de.vu,"uR3`/L@CVf'=#,"
Fiorenze,fsommervillegf@photobucket.com,uV7?2f!b<7Sz9MOd
Ragnar,rcamfieldgg@blogs.com,yL4+6t.knG'bg
Rosaleen,rsinfieldgh@feedburner.com,gD6/wn9So
Loralee,lkupkagi@free.fr,wZ7/0mS`39`new
Rheta,rbaggettgj@shareasale.com,kT5/fG7VCi%>9b=
Cordie,cmondaygk@hatena.ne.jp,"pC4(Q!F""qUi"
Felecia,fkunkelgl@gizmodo.com,"fI2%!}""TUCeDTB=w"
Ardene,adymickgm@goo.ne.jp,bR1)=!>Se
Essa,epaskingn@senate.gov,dP5_Qd$Os5MM
Glory,gludlammego@simplemachines.org,tP5$r?zsE9550@5
Pascale,pbenettelligp@pen.io,"zR0~@Disl{,c$i"
Darby,dglasebrookgq@lulu.com,"qN0,6@{s("
Eddy,ebedogr@answers.com,lT6@`u=?6T`P|@
Ilka,igorgergs@ihg.com,tB2>ZN!Az(VKSg`
Melba,maleswellgt@army.mil,yI7>N?/_BOUdxS
Heywood,hdrewittgu@ucla.edu,mA6|?OZQ3dcNw
Genia,gsymsongv@mlb.com,wX0}rn4l7_
Leonie,lwittmangw@nbcnews.com,zD2'I={r
Larine,lverrechiagx@linkedin.com,kR3&BsOhLs3<Hs
Winni,wbartletgy@vimeo.com,uC2%*vBK
Maryjo,mhollebongz@constantcontact.com,sP8>mv4z|
Robby,rferrersh0@themeforest.net,"fO8{Ie$1|\,lFzIM"
Vachel,vvaulkhardh1@si.edu,oH1?z*~L0la
Jen,jnysh2@123-reg.co.uk,"gP4`B""zb\bJg'"
Boony,bnusseyh3@soup.io,lW8(S6wXxd=Ie
Wells,wvennh4@booking.com,oR0|WNE0tM`|
Nickolas,ntoombesh5@opera.com,hW2&Ybj5
Vania,vkynvinh6@edublogs.org,rN4@z.2Y=6wV&Q
Batsheva,bgristockh7@blogspot.com,"aN4//)?9fz,"
Margit,mwaterhoush8@etsy.com,gD1=WbJk_5o1}4Z9
Alyse,atrammelh9@google.nl,kN6'R@k\
Brittni,bhankinha@webmd.com,rH1>rMe(HO
Laurette,lhaslockhb@nature.com,kA7.a!N18nZ&JZBE
Mitchael,mjerratschhc@ucoz.com,uG7%AF_5U.
Danya,dbartusekhd@bigcartel.com,mM9>z.s&ogkpeV2s
Marylee,mdunninghe@google.ca,kD4`WH}gNz
Sergei,sgowryhf@hexun.com,iP1`Sd~lj
Kalina,krickaerthg@indiegogo.com,wT0>xr}%+%a@_k
Ginny,glusgdinhh@ning.com,aG0}n#h/L
Billie,bmcblainhi@bloomberg.com,"qP8~`>,Bk2.Hh9nR"
Dalila,dbutthj@netlog.com,sH8)5k3nf2V_
Nonna,nmitkcovhk@woothemes.com,"vZ3""QXtAFBI`L"
Idaline,igilhespyhl@vk.com,dS3(=bRXd?Zr`=
Halsey,hthickinshm@youku.com,aA0%!7ZpQ14M7
Eleanor,ecramondhn@ed.gov,wI2@ikBC
Wenonah,wbonnerho@howstuffworks.com,mK1~Pk%wu?o%X
Coraline,celdershawhp@sbwire.com,oR3<~rJQ
Gilbertina,gpirellihq@indiegogo.com,xF1)E{?bve3S6_Y}
Teodoro,thayseldenhr@vk.com,sH6$Z/ih1oA.6~
Davine,dtoffaninihs@squarespace.com,"dI9_,H}*@52`d"
Stanley,sgaskampht@hud.gov,cR9@Lwj1bmMG
Dina,dkirtlanhu@toplist.cz,dL9)GTa~8<'BnOW
Malchy,mflorencehv@examiner.com,"sG6_8,BlE(Q"
Fedora,ffetteplacehw@archive.org,kA6?v3&\2OI
Lilah,lsiwardhx@blogs.com,aL5+'OKo>vnRV
Alexei,anafzigerhy@hugedomains.com,sA8@xE!GttkIhED
Bellanca,bbellewhz@bravesites.com,rF4`n00v
Clyve,coclearyi0@exblog.jp,bC6.sX6v$Q
Meg,mdykei1@java.com,tL2}3@~3W_n
Clementina,cwarracki2@delicious.com,hP8#d(8P
Merilee,mhedworthi3@squidoo.com,eM9$uL$pc'
Kennith,kthrelkeldi4@reddit.com,"cT0?|""?Qj4bC&"
Sally,schillingworthi5@skyrock.com,"pO9.(r""S&z,V!$f"
Ginny,ghillitti6@photobucket.com,gG0.JLF=s~gC.A
Ricky,rgreswelli7@alexa.com,"nD0.,5,/lNp9s/+"
Marina,mmatthesseni8@eventbrite.com,yF4|4)jU>
Sheba,sonioni9@japanpost.jp,qO3)|X`kw1i
Elladine,epautardia@patch.com,aX2<!EE{ymI|T#B
Liza,lshyreib@mtv.com,bK6|{%N#HRv
Ursuline,ucorteseic@marriott.com,xH4.ymu4C<
Farica,fmartinelliid@exblog.jp,kQ6=z+)N
Kermy,kgooderridgeie@sourceforge.net,"sK7!<xYk,"
Yancy,yharpurif@clickbank.net,rB1#cIwfx
Orren,onevinig@squidoo.com,"fF1&}}""dn65V4!m{"
Palm,paersih@163.com,dD2@k6Iwl|y94%
Florian,fradcliffeii@so-net.ne.jp,nL4)5WZ}'}F8R
Lelia,lwinslowij@paypal.com,rK8<TQs!N3k!
Averil,agilberthorpeik@wordpress.com,"cF7#(T""l*F\{e4"
Sally,smedlingil@networkadvertising.org,"lA6`""6T1/Rui"
Channa,cabramskiim@ucoz.ru,fJ1*wU_KkH
Jillana,jpieperin@ow.ly,gZ1|vLJKJc@G
Grant,gmesserio@github.com,mT1(hk?F
Ailey,amclellanip@cnbc.com,nV6?DnQ5GQ
Christean,churniq@umich.edu,dV5%/EWT7%
Anna,aoverpoolir@ycombinator.com,iY2(hQS4HLh+/8XH
Elisha,esewteris@cdbaby.com,fA4\@f@|(XL&ag
Maybelle,mcrottyit@livejournal.com,uL2#hjbpk27
Ailene,anapolioneiu@economist.com,oZ1!95M/~8
Son,sprettyjohniv@technorati.com,bZ6<xX?Jj
Asia,asilvestoniw@bigcartel.com,nS7\Mzv*\q/F
Karen,kprobyix@chron.com,jT8=id=jW466Px/O
Lotti,lbrodyiy@huffingtonpost.com,vV2/~\Zo$
Lindsay,lbromontiz@tripod.com,"mX7,9aMDjAJAObY"
Cirstoforo,cscholardj0@ameblo.jp,"cP3_""E<S$V}xd"
Dorothee,dpagdenj1@nhs.uk,uT1\Sj`d
Desmond,dfugerej2@bbb.org,"aY7""X2II"
Tracie,tmackrellj3@google.ru,fN6>{!5yM6@H
Bernadine,btruluckj4@naver.com,oJ4/$.82$Guw
Lauryn,lairdsj5@independent.co.uk,cX2@J.az
Giff,gsterrej6@state.tx.us,sE7`O>7ZZ6
Dode,dhatchj7@sitemeter.com,yG7_iC<q}~Hwv=
Rozanna,rdinegesj8@wikipedia.org,jB3_GHpI
Alayne,agrimmettj9@github.com,oR2@yk4K
Truda,tyurshevja@hostgator.com,"mC7}D'A,iXH&?"
Gus,gminichillojb@hhs.gov,tA8?{QE2q?
Loydie,lshergilljc@fotki.com,oK5<+LSVyoX1jgc
Lynnette,lguilloneaujd@google.com.au,"qI3""XKsAcWj/j"
Annabell,ablackaterje@fema.gov,hB4)<ZHNyq+
Jonis,jmayberryjf@slate.com,lH2~Xe$)!
Cherry,cvannuccinijg@photobucket.com,zB5(n4*7YRU
Garvy,gbhatiajh@kickstarter.com,zY6@C?~.V.
Gilbert,geddinsji@amazon.com,rY6/zJeM*yq
Elijah,emaccaddiejj@hubpages.com,cX9%oTo=IU8e5R#.
Damaris,ddanceyjk@spotify.com,"pK8}""5tX~T3s{=@"
Yevette,ywalcarjl@nbcnews.com,gM0'W(xu
Ninette,nciottoijm@miibeian.gov.cn,bW6&*}Hs
Brandon,bjagiellojn@pcworld.com,"eI2*iGSO""&"
Riki,rivainjo@fastcompany.com,eJ4@S>W=UWa<\Z2
Katuscha,kalldayjp@nytimes.com,aF7+{f`i!HD~wVxE
Darice,dkeelejq@weather.com,"aH8,%8rlo"
Reece,rpanksjr@mapquest.com,wX0$GR)2o
Tonia,tgeryjs@illinois.edu,"kS6,X!#wG#!+'6T"
Reynard,rogradyjt@bigcartel.com,sN0)KRXjG8
Omero,oincognaju@moonfruit.com,"qG3,~D4zv"
Isaiah,ihurnjv@jigsy.com,cG8_zXd@
Gamaliel,gmehewjw@fema.gov,kG0=+?r%lb
Moria,mfosberryjx@imgur.com,xK2&M!Yh6b&
Solomon,smccombejy@washingtonpost.com,"sV7\%Vt,"
Arleta,agrahamejz@cyberchimps.com,oS2(jU*XfHn4t9&{
Arnaldo,ajerredk0@ucsd.edu,qA8''gWh
Whitney,wparlourk1@china.com.cn,"tQ7@nQx""XFI</NzD"
Ivie,imcateerk2@wp.com,nP3<!n}S
Brittne,bmynettk3@examiner.com,"dP0}s""<F#"
Feodor,fvanderwaltk4@mapy.cz,cQ9'*{p\o
Renado,rgroddenk5@biblegateway.com,"uF7,Om?aP*23ldP"
Sophia,smeasek6@tiny.cc,eS1{h$!s
Valery,vtrobridgek7@theguardian.com,aQ6>x9CkC7ojN?
Josiah,jnoork8@statcounter.com,"kP4&G$kK@R>pP,"
Alene,athompstonek9@bing.com,eG5/NK_4vwr'Qt
Mal,mthirlawayka@un.org,jI2?<)hs+<VaP
Walt,wdrohunkb@hatena.ne.jp,"yT2#L7k"""
Danita,deykelboschkc@washington.edu,wI2~qUv0
Ertha,emcalinekd@chron.com,vG6*3x#\cG`eZ
Laney,livanaevke@engadget.com,zB1.%R~NXnL$
Sven,sjollandskf@cbsnews.com,qD3#~syfA
Selia,sprydiekg@umn.edu,vW1)tEeUArVWS
Agnese,ahustlerkh@google.co.uk,"kO3,B`*xRX"
Leland,lcradocki@intel.com,fN8\`Mg!
Terencio,tllorentekj@godaddy.com,fM2~o@PXi0
Morganne,mbrockettkk@tripod.com,jD5%}r_Oeg}=t
Mirella,mkalkerkl@sohu.com,dH7~TUgw*{4sW
Robby,rshepherdsonkm@amazon.de,"zW2""v%85dV*{9"
Monro,moriginkn@pbs.org,qU6{Rao$
Phillipe,pmcallesterko@walmart.com,pL8`qk6u
Llywellyn,lpickinkp@zimbio.com,bE2&!B4/}xa~}JiB
Livvyy,lwentworthkq@gizmodo.com,tL6||X}j|y%
Doralyn,dyuillkr@jiathis.com,lB1%D|dVf`=
Helenka,hchapleoks@amazon.de,yP6`5F1\GVUmr4V
Philbert,pfeverskt@scribd.com,"hA3""CJl1Qb!qF||"
Roderich,rtitchenerku@elpais.com,sY0_tKqg7U?0wVeP
Meridith,mspaxmankv@360.cn,bW9_mkO`ANdA&0?q
Lockwood,ldmitrkw@redcross.org,hO4}*eB\ju/W
Sophronia,sjaszczakkx@barnesandnoble.com,wA4)#)o/\jPA
Lonni,llittleky@narod.ru,iH2{L*GD`1Vk2i
Trude,tmarleykz@berkeley.edu,sH8_5<d$O(}5CGA0
Hortense,hrodliffl0@theatlantic.com,"tC4,f8u+"
Doroteya,darberl1@newsvine.com,iT4|OGZ_#RE~.{_n
Fleming,fokynsillaghel2@latimes.com,bT8(|9@K
Andrus,awoollheadl3@booking.com,vM5~9v_G@w<
Drucill,dcattl4@eventbrite.com,eW9.Y'(CE14
Stearn,snearyl5@cdbaby.com,yM8+MvtY
Nelie,nmewel6@moonfruit.com,bM5(DMIaWqd=n6M_
Ruben,rdjurkovicl7@tuttocitta.it,aM3%`{A#G<zgX
Karlene,kwoodgerl8@homestead.com,dM6@TG{_4L/).5D}
Laureen,lpetticrewl9@woothemes.com,"fS9},L$n%E"
Tish,tmongenotla@surveymonkey.com,sT3$pMZBU@G&#>
Rube,rboichlb@mail.ru,gS2*z0lrKASS52
Tootsie,tarnelllc@psu.edu,mT2<j$$MEUR
Selene,sbuttersld@squidoo.com,rM6/j$*$QZh}Y5<U
Zelig,zhutchesonle@nasa.gov,cW0_.mQ.7{#
Ross,rlegoodlf@stanford.edu,sI2@giY\vM9g_*jR
Moss,mmollenlg@google.co.jp,"eT1??=lT!),fOyGp"
Eli,epearnelh@e-recht24.de,eA6?>jZbqd$x
Omar,oshimukli@hatena.ne.jp,uY5'Z|FPEE_v3
Lucilia,lmcgiffinlj@goodreads.com,dV6+f`9Ts)*2_JXj
Sheelagh,ssherringhamlk@cnet.com,dG9`+`'HT|9tAxl
Karee,kblagdonll@accuweather.com,"gO7\dK""q*i"
Cairistiona,cspinellilm@msn.com,jA4>?iYPPRcz%9
Neill,nmawmanln@jugem.jp,uN7(lC?O~'eP
Vere,vzmitrovichlo@amazon.co.uk,"jM8)Ixmv,9Gk"
Byron,bstidstonlp@instagram.com,cP1=FB/}/|q.EHX!
Sherlocke,sscarrottlq@fotki.com,"oU8<iTYbkMi""/"
Gearard,gdroganlr@nsw.gov.au,sJ2|B9&~eN4xD
Janella,jhubanls@usa.gov,mY5|&cS2A}{NEl&j
Danila,dshewonlt@goo.gl,"eQ6""spTVij3Rf"
Karolina,kjoslowlu@home.pl,hB4)\d@i|gR
Dare,drobbinslv@xinhuanet.com,"dI5,ZBqA*8+"
Mile,myankishinlw@dell.com,mF0$e/}aI
Davin,dchamberslx@clickbank.net,xN9&)bfC
Xena,xhurryly@google.fr,rV7!W4DK
Stirling,sstrugnelllz@google.co.uk,jD3\mOp!I%l#HCEE
Zacharias,zbraddenm0@webmd.com,nN2+B'ylbpZK3u
Carla,cchatenierm1@altervista.org,wR6)2tCz*KT
Abby,arosengartenm2@constantcontact.com,"hQ2)woH+fv,G"
Alard,acarvellm3@pagesperso-orange.fr,pA5@r1PmSN{
Ailey,aferranm4@storify.com,tY0*u01W#<u{
Flint,fgierm5@bloglines.com,zD4+t3\j
Joann,jmaclisem6@51.la,wK7%v+1<t
Cal,cgrimsellm7@stumbleupon.com,"nU6+L0Ubv""`CXV{"
Torre,tmastermanm8@abc.net.au,pF2&/Qs<Z}coL!lj
Dasi,dsparhawkm9@cisco.com,nF5'aB=?tBro
Eloisa,edrinkallma@ow.ly,lG3(+a}@xQWg
Brynne,bmetcalfemb@hud.gov,gS0?apseW1
Sara-ann,sgettymc@bandcamp.com,yB8!X8mX2B
Lionel,ltollemd@msn.com,fS2'YeM\x
Trudie,tmcauleyme@eventbrite.com,rY3/(jPPAeQP3eDu
Janenna,jlichfieldmf@state.gov,"uY2)""Q\k9is$~/K"
Vivian,vlippimg@live.com,cG1.7qy\.
Reynold,rmcmylermh@ucsd.edu,sX3$m?UC#ads
Abie,asavellmi@storify.com,"oS4""2vXYxp"
Jehanna,jdionisiimj@is.gd,rY3(melFPbhaOac)
Cecile,cbrodestmk@sohu.com,xF1!WQ3gm{
Hildegaard,htheyerml@unicef.org,lK5(OA_0Q$%1h
Zita,zjandakmm@wired.com,wJ1+c?Mxd+C'X}#
Hunter,hgoshawkemn@youku.com,qU6#GP&pAq1{
Diarmid,dthrelkeldmo@cornell.edu,"jH2?V,23~|"
Bennett,bsmelleymp@reference.com,pD3>DCLE_FAHiCeY
Garnet,gerrattmq@wikia.com,"dH4>RN""k7Q"
Quincey,qgilliammr@sfgate.com,wP5$`aE0j!0g
Chloe,cchatelotms@bravesites.com,yW3~}mu2KUm
Berton,bcaddenmt@goo.ne.jp,jP5}?2RO?
Emera,eleakmu@state.gov,dI6$iX7qDH3#x1
Veradis,vdraycottmv@tamu.edu,bU7<kw(1w6t}q
Juliette,jgianillimw@ebay.co.uk,tP6)NUS.{/bV
Nissa,nbrookesbiemx@pen.io,"lY9?c22,yir"
Emanuele,estrettlemy@1688.com,eP8?sDpS@p)$
Simona,sjellmanmz@deviantart.com,"sO5""J,4cSSMz?"
Lefty,llapidusn0@hao123.com,mH5)9QTESljOoM)
Elita,esperringn1@360.cn,"dD7,RoyXk~dnt"
Sully,sgrzeszczakn2@about.me,sD2&3>w7cgxm
Leese,lhoutbien3@harvard.edu,gT5!>yc*
Willdon,wpundn4@nbcnews.com,"wY8`97U.,8<B"
Corabella,clundonn5@youtu.be,qR0|ZuYR!('
Tammara,tbenoyn6@jimdo.com,"cG3~01hiK.kc',X!"
Anna-diane,abjorkann7@wikimedia.org,gP3\*xT<NMGc
Amalia,ahatliffn8@springer.com,cO0!KYPcFTLzz@oW
Georgi,ggrimstonn9@noaa.gov,aY9}6Nz_5|ZLE.}
Ivett,imolohanna@smh.com.au,pS0$2~Hvt
Abel,ahegartynb@yolasite.com,cZ5#>lB)
Flori,fcarlssonnc@t.co,mZ9)GWkf)
Harris,hperrynd@washington.edu,cU0!W(8?t+VvuIvJ
Benjamen,baroninne@blogger.com,qU6&rgOnSznD
Matthew,mbuckinghamnf@hp.com,"cM0""ax|bPO0oIsSe"
Wyatan,wjiroutkang@over-blog.com,bE7%2KHB
Fulton,fbaselionh@marketwatch.com,"bU0<{""*Xqg7Q(qm"
Munroe,mtaddni@scientificamerican.com,qB8$h>/R5/ID\{A#
Renado,rhillinnj@archive.org,"oJ9&?""\|B"
Justis,jsoppittnk@imdb.com,"sM3{!4@.*""67>+iM"
Osbourn,obosdetnl@merriam-webster.com,hU7*NlcHC
Donaugh,drysomnm@wordpress.org,fG0&wWeIP+VmPjk
Sarge,svigarsnn@symantec.com,tS8\b|MMbeAX
Brennen,bpapesno@nature.com,"sV0%<,s+PyTc""10H"
Oberon,osimannp@hud.gov,rK7|C&(ped39
Jacenta,jvickersnq@cam.ac.uk,"pY6,D?x&"
Averil,abrokenshirenr@cmu.edu,yX9<gy($8s
Peta,pbeynknns@aol.com,bP7'c?@`YX5$
Gretal,gshelbournent@ebay.co.uk,cA0/K2}f(#@(\f3
Jenny,jburrennu@walmart.com,jF2~ZOPo+RR@3h\
Carlin,ccuffnv@wordpress.com,"tB2=U""bq\Xb&`O"
Alanson,awestermannw@nsw.gov.au,yM0!.35f3xZh=Q
Kipper,kshovlarnx@oracle.com,bA7=7)h)G
Beverlie,bbortolazziny@goodreads.com,hH0!dWV{GU<gh)'N
Terza,tpaunz@seesaa.net,fE2`8'H<tMR
Myrlene,maddymano0@mayoclinic.com,lU2>Dg{)+.j.
Kamillah,kshillomo1@patch.com,"mP0!FxqWj711,'"
Olvan,otappingo2@nationalgeographic.com,sS9<0>(Z%
Daffie,dwildsmitho3@sciencedirect.com,lS9}8c?zg`ezL
Randall,rclayillo4@comsenz.com,pL4_*YhD
Rudolfo,rsalvadoro5@devhub.com,bI4#GtjnI&yzc
Ambrosius,asmalleyo6@yellowpages.com,nK2'YaBs#
Jacob,jrollo7@bbc.co.uk,lB7%+gCB
Felipa,fduffero8@4shared.com,nI3?O/j/rCZ07VnV
Jonie,jnewbyo9@yelp.com,aJ3*|K<Ic}Mb
Cole,cpettingeroa@oaic.gov.au,"oM3=_!""BxGN+"
Jean,jmerckob@epa.gov,hD8#(n=x=d/s!QSn
Cam,czammittoc@amazon.co.uk,aX8?~j`#
Fraze,fapplegarthod@blogtalkradio.com,jV8~vpNU}IZ0@
Karoly,kwaplesoe@1688.com,qA4}45H7@fFGiM
Thomas,tlawieof@aboutads.info,eZ7.=)oU!x&
Cris,cscothernog@nsw.gov.au,"vA2**q,|)>y/)RB<"
Wandis,wdanyoh@indiatimes.com,"qR9""Su""qnr}J#~"
Emera,eatkinsonoi@discovery.com,"lA4,uU@kZD1K&"
Nara,nthomazinoj@cyberchimps.com,gN2}w\*aJ'..
Babara,binottok@weebly.com,"yY2#,2@r0S2"
Corney,cgilhooleyol@linkedin.com,aE3%.y)%>6+3Qj
Evaleen,esoutterom@arstechnica.com,aX5(r85lN
Lenard,lhawksleeon@chron.com,pN2=a4Qx
Drucy,ddesboroughoo@hostgator.com,oI5%XaW@6_b
Charmian,cgosbyop@upenn.edu,"bE5|UB,iQa"
Tabina,tchastandoq@go.com,cJ5|01iS0gX>'@p\
Sharlene,scorkhillor@mayoclinic.com,cM2'\bRebl)(o+gj
Tracie,tsteelos@deviantart.com,wM5'YuOg`f/@9_Q
Vikky,valelsandrowiczot@dyndns.org,fR1*Vs_+
Lita,llobleou@indiegogo.com,"jS8<HF""voM8f"
Gradeigh,gpenberthyov@bloomberg.com,hC1\aY/H%*
Ilyse,igalletyow@zimbio.com,"eI7,ep`&d"
Andie,aweskerox@google.com.au,bK7\9@Xf<g%9B9D@
Margette,mchangoy@tripod.com,yI3#RbY~o@hn
Michaela,mscammelloz@umich.edu,"mV0'M`$0,np"
Shauna,sshipwayp0@hao123.com,tM7.qf%$h
Maritsa,mbareheadp1@sbwire.com,uP1+z0T?yS
Barbaraanne,bbrundillp2@ifeng.com,wJ4_~po#Dw}Kopu
Andrea,aouletp3@issuu.com,oU8_>VT.
Melisenda,mblindtp4@usa.gov,yW1(w5H9PAet1Gz
Gratiana,gluckwellp5@yale.edu,gP5$I6l(Fq)DK
Carmine,chucquartp6@geocities.com,"eB6""/RD)f@"
Fabien,ffarrahp7@xrea.com,fM2*XsCV2?FbhbY*
Adelaide,aagatep8@spotify.com,wU6~&cgqN)OC
Cami,cbrisardp9@facebook.com,cM4#l8&L+EH5r3
Claudetta,ccornspa@myspace.com,"tF9~g(==6_,A|N0"
Heda,hbrommagepb@loc.gov,kX8!#pec5u<*$V
Dania,dbottingpc@ovh.net,"lM8""E`_xd8"
Christopher,cshippd@ibm.com,dZ0|I&K?BId>/
Annamaria,atomczakpe@is.gd,"aK8,(lSy("
Guenna,gfearickpf@flickr.com,yJ4\l?+xBO>JF
Desiri,dangravepg@gmpg.org,iF0%\3w8R
Wenonah,wpeapleph@google.nl,kM3&a.4(>PeT
Flem,fstanilandpi@columbia.edu,nB8+goZR5+'%l
Eleanore,ecodpj@ustream.tv,gL7?GCw<ip
Onida,ojanewaypk@studiopress.com,"pP1,PdO6Sld}3h/0"
Shane,schinnockpl@e-recht24.de,"uE1.Tu)uW%4,C"
Chicky,cablottpm@skyrock.com,lN5`>umuqpyK'v&
Monte,mgallaharpn@msu.edu,lU6~nl%B_Jun=?V
Maude,mroddanpo@twitpic.com,"aR4!qtF_,)"
Sydelle,swayepp@reddit.com,zJ8%3nMF`)~
Feodor,finghampq@netvibes.com,wP0($_)q8jq01X/\
Fannie,fmathewespr@acquirethisname.com,hA0~q\+E6
Darya,dcaffinps@dmoz.org,eY3!1V.W9
Duky,dchastneypt@pbs.org,uS0%EZhTJA4)tL
Ronni,rdonneelypu@dot.gov,lQ4|qU_C!H{
Alejandra,awigginspv@creativecommons.org,sG8{w1.zV(G>
Meryl,mtregoningpw@cocolog-nifty.com,kQ5`>wOe8VbH
Babbette,bmullengerpx@issuu.com,fB1+=LKTc}
Panchito,pwashtellpy@foxnews.com,gB9`}(qq
Heath,hbarnhartpz@jimdo.com,lV9\bJG`js/5zK
Yoshi,yminshallq0@bigcartel.com,kB7{?y59~k
Kenneth,kruprechterq1@arstechnica.com,mC2}X.&#U@e!Pn0
Fredericka,fhendrickq2@mtv.com,cZ3!D@/z
Cindelyn,csolowayq3@state.gov,rB5+V5Oni2
Birch,bdebruijnq4@goodreads.com,rQ4)c%Xyv
Tedman,tapplewhaiteq5@globo.com,jI8`_.lmJd
Kally,kbaumq6@xing.com,tA0>aU$bGv
Stormy,sduttonq7@godaddy.com,"cR1,#pFrC8e!"
Corbet,cblagbroughq8@wordpress.com,hQ5#V8mY=(l_.1
Liane,lapplewhiteq9@virginia.edu,"kR5\WdAew(!,)T5"
Fanni,fforsdickeqa@free.fr,gC2/rCs/MAC
Ricoriki,rwindowsqb@skyrock.com,tT3}K`aK!P3k
Ree,rpasseqc@usnews.com,"cP7,DKP(Dq+b"
Case,cballamqd@netscape.com,uH2+V<QVR5X7
Ivie,ilippielloqe@ebay.com,"rY5?""zTAMjg""~\9+"
Cirilo,cfeveryearqf@examiner.com,qA7!d'VR'A%11b)
Brock,btrittamqg@reddit.com,"iG1/,BrU(7!i4oh"
Nina,nhallahanqh@unc.edu,iL5{(r{*Ag%BX!+
Celina,cmcindrewqi@chicagotribune.com,hL0*$%v6'?~uh)?
Conrad,cmacmickanqj@bloglines.com,"fO5""Au{zD"
Parnell,pparrqk@nsw.gov.au,"hS3,D8ovQ@`f"
Gardie,gsavinql@mozilla.org,hN2|\n|xb6K<b
Anna-diana,atwintermanqm@economist.com,"cS9\0tUP2P.,g`G2"
Vincenz,vdearnaleyqn@ezinearticles.com,qD6)FC00i
Libby,ldukesqo@arizona.edu,"cP9,z`y%"
Vladimir,vdemaidqp@hatena.ne.jp,cP5%`fb*eTQ!)
Raye,rgonsalvoqq@dot.gov,"xO6(!+(QnD#""(*wW"
Winnah,wargraveqr@earthlink.net,"fU5""$(F1&6nyn?r3"
Yul,ybartleqs@mozilla.org,"gF4)1~XMC~m*"""
Annaliese,amealhamqt@ox.ac.uk,nT4_5sCXxpld
Lindsay,lskatesqu@princeton.edu,oW6)eSqw
Alejandrina,awhewayqv@foxnews.com,lE1{o7\X+?_W8!{5
Marney,mmcgonigalqw@cafepress.com,uE8$e*2j@ZY
Marty,mdurnqx@imgur.com,"pZ4}wR~\$z0QT,u$"
Aguie,ageachqy@google.es,"xK3><X9rlDT,)u~"
Frieda,fshoveltonqz@tripadvisor.com,nS3!&S7+4
Gabriellia,gkenningtonr0@seesaa.net,uB8>Mn/'
Guendolen,gbrungerr1@nifty.com,tF6{28o_|IC
Morie,msherwenr2@soundcloud.com,uX9't&&fYM'
Lovell,lstrodderr3@npr.org,"bY8"",ef*uN07WJH"
Arnold,abuttreyr4@wiley.com,"zO0&IM+?ZHZ,eL4~"
Ian,ibluschker5@bravesites.com,bF6|G}'~xW&c
Brennan,bbreslaur6@reverbnation.com,xH8>K$+|C
Urbanus,uelietr7@deliciousdays.com,bR4{?YRw*yBW)
Cyril,croafr8@buzzfeed.com,"eH3""l=+p"
Normand,nbosser9@who.int,"dN4.cSTD/e""zdl="
Clari,canderra@usgs.gov,nO2=6tWp)|~
Sher,sspondleyrb@last.fm,gF9%1DynW
Jandy,jdelacosterc@oakley.com,lT8>h+3}Y5JzUp
Eleonora,esmorfitrd@zimbio.com,gQ6=KHk79.%x(`_
Ring,rbaggettre@ucoz.ru,eL3{'d5W&QRmu_I
Shaylyn,shasleyrf@cdc.gov,gD9~uN._N4?BlP%
Hedvige,hgriffittsrg@eepurl.com,"kW8.aX$t<MNfam""f"
Lee,ljeryrh@flavors.me,uZ5(qU<vF~
Jervis,jjerrandri@vkontakte.ru,iE5@'84<q.\
Pierson,pmacmillanrj@studiopress.com,cG8).8>|QZ
Tam,tbeevisrk@delicious.com,zN7)'l4/AFm{
Alberto,abichenorl@accuweather.com,qD6}s&4Vt(O@9\>\
Staffard,sbreslauerrm@irs.gov,xO6_xHxs
Dasha,dmulhallrn@seesaa.net,"kL7,L_eV"
Richie,rtramelro@paginegialle.it,yZ5!XU1DY\5P
Analise,areamesrp@tuttocitta.it,"tZ6<H,TNId"
Gwynne,ghorningrq@globo.com,jL0{gx9Q
Ottilie,oeasunrr@arizona.edu,rB7<GSkng\fX{=J7
